<?xml version="1.0" encoding="UTF-8"?>
<!--<!DOCTYPE hibernate-configuration SYSTEM "http://www.hibernate.org/dtd/hibernate-configuration-3.0.dtd"> 
	<hibernate-configuration> <session-factory> <property name="hibernate.dialect">org.hibernate.dialect.MySQLDialect</property> 
	<property name="hibernate.connection.driver_class">com.mysql.jdbc.Driver</property> 
	<property name="hibernate.connection.url">jdbc:mysql://localhost:3306/testdemo</property> 
	<property name="hibernate.connection.username">root</property> <property 
	name="hibernate.connection.password">1234</property> </session-factory> -->
	<!DOCTYPE hibernate-configuration SYSTEM
        "http://www.hibernate.org/dtd/hibernate-configuration-3.0.dtd">

<hibernate-configuration>
	<!-- <session-factory> <property name="hibernate.dialect">org.hibernate.dialect.MySQLDialect</property> 
		<property name="hibernate.connection.driver_class">com.mysql.jdbc.Driver</property> 
		<property name="hibernate.connection.url">jdbc:mysql://localhost:3306/testdemo</property> 
		<property name="hibernate.connection.username">root</property> <property 
		name="hibernate.connection.password">1234</property> <property name="hibernate.current_session_context_class">org.hibernate.context.internal.ThreadLocalSessionContext</property> 
		<mapping class="com.jcg.hibernate.annotations.Student" /> </session-factory> -->

	<session-factory>
		<!-- <property name="hbm2ddl.auto">update</property> <property name="connection.url">jdbc:mysql://localhost:3306/testdemo</property> 
			<property name="connection.username">root</property> <property name="connection.password">1234</property> 
			<property name="connection.driver_class">com.mysql.jdbc.Driver</property> 
			<property name="show_sql">true</property> -->
		<!-- <mapping resource="emp.xml" /> -->

		<property name="hbm2ddl.auto">update</property>
		<property name="hibernate.dialect">org.hibernate.dialect.MySQLDialect</property>
		<!-- <property name="hibernate.connection.driver_class">com.mysql.jdbc.Driver</property> -->
		<property name="hibernate.connection.url">jdbc:mysql://localhost:3306/testdemo</property>
		<property name="hibernate.connection.username">root</property>
		<property name="hibernate.connection.password">1234</property>

	</session-factory>

</hibernate-configuration>